symptom_id,subtype,DSM5_criterion,core_symptom,core_notes,sub_ref,source,DIVA5_example,example_id,example_rewritten,symptom_source*,word_count_reddit,sentence_id,agreement_ratio
I_01,ADHD-I,A1a,"Often fails to give close attention to details, or makes careless mistakes in schoolwork, work or during other activities",,mistakes_attention,DIVA_eval,Makes careless mistakes,e_01,I'm fairly successful in my work (minus all the careless mistakes).,reddit_mapping_example,10,com_08_s_19,20.00%
I_02,ADHD-I,A1b,Often has difficulty sustaining attention in tasks,*(or play activities) omitted,sustaining_attention,DIVA_eval,Not able to keep attention on tasks for long*,e_01,"I tell myself I'm locking in and paying attention, yet it never works.",reddit_mapping_example,12,com_09_s_6,60.00%
I_03,ADHD-I,A1c,Often does not seem to listen when spoken to directly,,absent_listening,DIVA_eval,"Afterwards, not knowing what a conversation was about",e_03,"I hear every word during a conversation, but can't remember what we've talked about.",reddit_mapping_example,13,com_08_s_9,40.00%
I_04,ADHD-I,A1d,"Often does not follow through on instructions and fails to finish schoolwork, chores, or duties in the workplace
",,completion_chores,DIVA_eval,Starts tasks but quickly loses focus and is easily sidetracked,e_02,I need to do homework or clean my room but can't make myself do it.,reddit_mapping_example,14,com_04_s_15,100.00%
I_05,ADHD-I,A1e,Often has difficulty organizing tasks and activities,,organizing_tasks,DIVA_eval,House and/or workplace are disorganised,e_03,"My stuff is always scattered everywhere, and house is a clutter.",reddit_mapping_example_merged,10,com_11_s_6+com_08_s_3,100%/60%
I_06,ADHD-I,A1f,"Often avoids, dislikes, or is reluctant to engage in tasks that require sustained mental effort",,avoidance_mental_effort,DIVA_eval,Often postpone boring or difficult tasks,e_02,I wanna clean my house but the motivation is completely knocked out.,reddit_mapping_example,11,com_01_s_7,80.00%
I_07,ADHD-I,A1g,Often loses things necessary for tasks or activities,,mislay_tasks,DIVA_eval,Gets in a panic if other people move things around,e_05,"If my partner moves something around in the house, I panic.",DIVA5_example_manual,10,,0.00%
I_08,ADHD-I,A1h,Often easily distracted by extraneous stimuli,,distraction_extraneous_stimuli,DIVA_eval,Difficulty in filtering and/or selecting information,e_05,"I notice nearby conversations, butlose track of the one I'm supposed to be having.",reddit_mapping_example,13,com_08_s_13,20.00%
I_09,ADHD-I,A1i,Often forgetful in daily activities,,forgetful_daily,DIVA_eval,"Forgets appointments or other obligations 
",e_01,"My memory isn't really good and I often forget people's names. ",reddit_mapping_example_merged,10,com_11_s_1+com_11_s_2,20%+80%
HI_01,ADHD-HI,A2a,Often fidgets with or taps hands or feet or squirms in seat,,restless_motorics,DIVA_eval,Fiddling with hair or biting nails,e_04,I seem to constantly eat my nails and bite my lips,reddit_mapping_example_merged,10,com_04_s_18+com_04_s_19,100%/20%%
HI_02,ADHD-HI,A2b,Often leaves seat in situations when remaining seated is expected,,seating_expected,DIVA_eval,"Never sits still for long, always moving around",e_04,I can't stay in a certain position for more than 30-40 seconds.,reddit_mapping_example,11,com_04_s_20,100.00%
HI_03,ADHD-HI,A2c,Often runs about or climbs in situations where it is inappropriate (in adolescents or adults this may be limited to subjective feelings of restlessness),,restless_cognition,DIVA_eval,Constantly having the feeling that you have to be doing something,e_02,I constantly have a feeling that I have to be doing something.,DIVA5_example_manual,11,,0.00%
HI_04,ADHD-HI,A2d,Often unable to take part in leisure activities quietly,*to play omitted,adjust_vocal_behavior,DIVA_eval,Difficulty in speaking softly,e_05,In almost all my conversations I am told I speak too loudly.,DIVA5_example_manual,11,,0.00%
HI_05,ADHD-HI,A2e,Is often “on the go” acting as if “driven by a motor”,,busy_energy,DIVA_eval,Is often “on the go” acting as if “driven by a motor”,," I always feel like I'm rushing in a retina fast-paced medical clinic.",reddit_mapping_example_run_2,11,com_12_s_1,40.00%
HI_06,ADHD-HI,A2f,Often talks excessively,,talking_excessively,DIVA_eval,Often talks excessively,,I speak way too long or jump from 3 different sentence starters within 5 seconds.,reddit_mapping_example_run_2,14,com_18_s_13,20.00%
HI_07,ADHD-HI,A2g,Often blurts out an answer before a question has been completed,,impatient_socially,DIVA_eval,Saying things without thinking first,,I often overcomit and saying things too soon like to asking to go out.,reddit_mapping_example_run_2,13,com_12_s_9,40.00%
HI_08,ADHD-HI,A2h,Often has difficulty awaiting his or her turn,,impatient_norms,DIVA_eval,Difficulty in patiently waiting in the traffic/traffic jams,e_02,"I am horrible in traffic jams. It is draining me completely. ",DIVA5_example_manual,10,,0.00%
HI_09,ADHD-HI,A2i,Often interrupts or intrudes on others,,interruptions_socially,DIVA_eval,Often interrupts or intrudes on others,," I do things intentionally, but more often than not I cannot control what I say.",DIVA5_example_manual,14,com_12_s_11,20.00%